City,Country,City ID,Lat,Long,Max Temp,Humidity,Cloudiness,Wind Speed,Date
Punta Arenas,CL,3874787,-53.15,-70.9167,46.4,87,0,10.36,1619272607
Gannan,CN,2037311,47.9147,123.5031,48.7,23,0,5.12,1619272608
Hobart,AU,2163355,-42.8794,147.3294,50.0,66,40,6.91,1619272609
Rundu,NA,3353383,-17.9333,19.7667,84.65,17,0,3.33,1619272609
Mataura,NZ,6201424,-46.1927,168.8643,43.0,92,14,5.01,1619272610
Aykhal,RU,2027296,66.0,111.5,22.41,94,85,8.9,1619272611
Touros,BR,3386213,-5.1989,-35.4608,84.2,70,40,8.05,1619272611
Saskylakh,RU,2017155,71.9167,114.0833,32.86,93,100,14.18,1619272612
New Norfolk,AU,2155415,-42.7826,147.0587,50.0,80,100,1.01,1619272613
Pahrump,US,5509851,36.2083,-115.9839,63.0,33,100,12.48,1619272614
Vestmannaeyjar,IS,3412093,63.4427,-20.2734,44.6,93,90,19.57,1619272614
Tiksi,RU,2015306,71.6872,128.8694,27.01,94,100,10.85,1619272615
São Filipe,CV,3374210,14.8961,-24.4956,72.21,74,45,11.86,1619272616
Opochka,RU,515155,56.7105,28.6617,42.26,59,100,12.53,1619272617
Assiniboia,CA,5887798,49.6334,-105.9845,26.6,46,13,4.61,1619272618
Cape Town,ZA,3369157,-33.9258,18.4232,72.0,53,0,12.66,1619272496
Yellowknife,CA,6185377,62.456,-114.3525,14.0,78,20,2.3,1619272619
Yangi Marg`ilon,UZ,1513491,40.4272,71.7189,71.6,23,100,9.22,1619272620
Bluff,NZ,2206939,-46.6,168.3333,43.0,92,70,5.01,1619272620
Punta Cardon,VE,3629614,11.6581,-70.215,81.55,71,39,25.59,1619272622
Taloqan,AF,1123004,36.7361,69.5345,65.1,37,65,3.44,1619272622
Busselton,AU,2075265,-33.65,115.3333,59.0,85,1,3.69,1619272623
La Ronge,CA,6050066,55.1001,-105.2842,17.6,62,16,5.75,1619272624
Ribeira Grande,PT,3372707,38.5167,-28.7,60.8,67,75,10.36,1619272624
Seoul,KR,1835848,37.5683,126.9778,59.0,76,0,5.75,1619272519
Kulunda,RU,1501460,52.566,78.9385,45.5,38,20,4.25,1619272626
Castro,BR,3466704,-24.7911,-50.0119,69.78,55,25,1.39,1619272438
North Branch,US,5039421,45.5113,-92.9802,34.0,99,99,7.0,1619272628
Vilyuysk,RU,2013392,63.7553,121.6247,33.67,95,100,6.11,1619272628
Bambanglipuro,ID,1650434,-7.95,110.2833,77.32,79,2,3.85,1619272629
Ushuaia,AR,3833367,-54.8,-68.3,44.6,81,75,5.75,1619272631
Sitka,US,5557293,57.0531,-135.33,44.6,49,20,5.75,1619272631
Arica,CL,3899361,-18.475,-70.3042,66.2,68,90,5.75,1619272632
Codrington,AU,2171099,-38.2667,141.9667,51.51,87,100,5.77,1619272633
Abu Kamal,SY,174448,34.4506,40.9171,92.34,10,94,2.17,1619272634
Thompson,CA,6165406,55.7435,-97.8558,15.8,62,75,3.74,1619272501
Port Alfred,ZA,964432,-33.5906,26.891,73.24,64,13,14.54,1619272635
Vaini,TO,4032243,-21.2,-175.2,71.6,94,40,1.14,1619272636
Belaya Gora,RU,2126785,68.5333,146.4167,-0.78,100,90,2.19,1619272636
Cap-aux-Meules,CA,5915327,47.3821,-61.8597,41.0,75,37,17.27,1619272637
Acaraú,BR,3408368,-2.8856,-40.12,85.59,68,78,12.06,1619272638
Maltahöhe,NA,3355624,-24.8333,16.9833,81.1,16,6,6.78,1619272639
Springfield,US,4409896,37.2153,-93.2982,52.0,93,90,12.66,1619272573
Malanje,AO,2239862,-9.5402,16.341,75.2,94,90,6.91,1619272640
Mossamedes,AO,3347019,-15.1961,12.1522,84.07,69,93,11.83,1619272641
Bredasdorp,ZA,1015776,-34.5322,20.0403,75.0,58,96,1.99,1619272642
Bambous Virieux,MU,1106677,-20.3428,57.7575,80.01,89,75,11.5,1619272642
Mahébourg,MU,934322,-20.4081,57.7,78.8,89,75,11.5,1619272643
Saldanha,ZA,3361934,-33.0117,17.9442,63.07,77,79,15.01,1619272644
Mar del Plata,AR,3430863,-38.0023,-57.5575,68.0,82,75,9.22,1619272644
Atuona,PF,4020109,-9.8,-139.0333,80.22,75,54,21.92,1619272645
Mawlamyine,MM,1308465,16.4914,97.6256,83.8,72,59,8.86,1619272646
Tres Arroyos,AR,3833859,-38.3739,-60.2798,62.89,54,26,14.9,1619272647
Jamestown,US,5122534,42.097,-79.2353,55.0,49,1,9.22,1619272647
Upernavik,GL,3418910,72.7868,-56.1549,34.07,82,44,2.59,1619272648
Talnakh,RU,1490256,69.4865,88.3972,33.21,98,100,8.1,1619272649
Kentville,CA,5991148,45.0835,-64.4988,57.0,47,5,13.8,1619272650
Prosvet,RU,1494071,55.5703,65.0825,47.32,43,100,13.09,1619272650
Qaanaaq,GL,3831208,77.484,-69.3632,25.16,63,100,9.84,1619272651
Karratha,AU,6620339,-20.7377,116.8463,80.33,51,0,2.37,1619272652
Yumen,CN,1528998,40.2833,97.2,55.76,21,100,7.99,1619272652
Kosovo Polje,XK,789228,42.6394,21.0961,57.0,41,75,10.36,1619272653
Progreso,MX,3521108,21.2833,-89.6667,80.01,88,75,14.97,1619272654
Samarai,PG,2132606,-10.6167,150.6667,81.91,79,100,11.41,1619272655
Ust'-Ilimsk,RU,2013952,58.0006,102.6619,32.25,98,100,2.77,1619272655
Garchitorena,PH,1713191,13.8804,123.6946,78.64,83,31,5.12,1619272656
Toguchin,RU,1489508,55.2353,84.3858,37.98,72,100,6.62,1619272657
Okhotsk,RU,2122605,59.3833,143.3,17.56,78,70,9.46,1619272657
Puerto Ayora,EC,3652764,-0.7393,-90.3518,78.01,93,18,5.99,1619272658
Ponta Delgada,PT,3372783,37.7333,-25.6667,57.2,88,75,17.27,1619272659
Chunskiy,RU,1507636,56.0815,99.6342,33.71,90,100,3.02,1619272660
Hermanus,ZA,3366880,-34.4187,19.2345,75.0,58,95,1.99,1619272660
Bathsheba,BB,3374083,13.2167,-59.5167,84.2,54,40,17.27,1619272662
Ballina,AU,2177069,-28.8667,153.5667,57.2,94,88,3.62,1619272662
Hilo,US,5855927,19.7297,-155.09,69.8,83,75,3.31,1619272663
Richards Bay,ZA,962367,-28.783,32.0377,70.07,86,91,16.37,1619272664
Adrar,MR,2381972,20.5022,-10.0711,97.39,9,0,9.15,1619272665
Chokurdakh,RU,2126123,70.6333,147.9167,-12.35,99,8,3.89,1619272665
Arraial do Cabo,BR,3471451,-22.9661,-42.0278,78.8,69,0,13.8,1619272666
Pisco,PE,3932145,-13.7,-76.2167,66.2,88,0,2.86,1619272488
Bengkulu,ID,1649150,-3.8004,102.2655,78.4,82,100,4.74,1619272667
Tuktoyaktuk,CA,6170031,69.4541,-133.0374,12.2,79,75,6.91,1619272668
Nikolskoye,RU,546105,59.7035,30.7861,45.0,56,75,6.71,1619272669
Leningradskiy,RU,2123814,69.3833,178.4167,17.92,96,100,3.91,1619272669
Nouakchott,MR,2377450,18.0858,-15.9785,77.0,65,0,21.85,1619272670
San Francisco,US,5391959,37.7749,-122.4194,51.8,76,75,6.91,1619272050
Xiaoweizhai,CN,1789945,26.1903,107.5125,60.64,94,96,6.71,1619272671
Avera,US,4231997,33.194,-82.5271,57.2,96,90,11.5,1619272672
Strezhevoy,RU,1490796,60.7333,77.5889,42.8,87,0,4.47,1619272673
Guhāgar,IN,1270779,17.4842,73.1929,82.6,65,0,10.09,1619272673
Rørvik,NO,3141310,64.8621,11.2373,38.01,62,81,24.49,1619272674
Lebu,CL,3883457,-37.6167,-73.65,54.5,78,5,13.13,1619272675
Chui,UY,3443061,-33.6971,-53.4616,68.2,79,100,7.99,1619272676
Fortuna,US,5563839,40.5982,-124.1573,50.0,100,90,9.22,1619272676
Constitución,CL,3893726,-35.3333,-72.4167,60.6,64,0,6.24,1619272677
Butaritari,KI,2110227,3.0707,172.7902,81.59,76,100,8.21,1619272678
Atar,MR,2381334,20.5169,-13.0499,98.37,8,0,8.79,1619272678
George Town,MY,1735106,5.4112,100.3354,84.2,74,20,2.3,1619272460
Kruisfontein,ZA,986717,-34.0033,24.7314,70.43,61,100,7.36,1619272680
Cairns,AU,2172797,-16.9167,145.7667,75.2,94,90,10.36,1619272517
Sirte,LY,2210554,31.2089,16.5887,65.17,70,43,20.71,1619272682
Laguna,US,5364271,38.421,-121.4238,51.01,76,90,20.71,1619272683
Mount Isa,AU,2065594,-20.7333,139.5,77.0,27,12,12.66,1619272683
Sorong,ID,1626542,-0.8833,131.25,80.02,84,100,8.28,1619272684
Portland,US,5746545,45.5234,-122.6762,46.99,88,100,1.99,1619272181
Mackay,AU,2159220,-21.15,149.2,68.0,100,90,13.8,1619272685
Arrondissement de Lannion,FR,3007608,48.75,-3.4167,69.8,42,0,14.97,1619272686
Clyde River,CA,5924351,70.4692,-68.5914,14.0,92,75,6.91,1619272687
Boissevain,CA,5905191,49.2306,-100.0559,36.0,43,1,12.66,1619272688
Biak,ID,1637001,-0.9131,122.8766,78.28,77,78,3.94,1619272688
Muros,ES,3115824,42.7762,-9.0603,68.0,70,100,3.74,1619272689
Taos,US,5493811,36.4072,-105.5731,41.0,80,1,3.44,1619272690
Kashipur,IN,1267579,29.2167,78.95,83.28,12,0,8.21,1619272690
Longyearbyen,SJ,2729907,78.2186,15.6401,26.6,68,75,11.5,1619272691
Cabedelo,BR,3404558,-6.9811,-34.8339,78.8,94,75,3.44,1619272692
Ponta do Sol,PT,2264557,32.6667,-17.1,66.2,59,40,9.22,1619272693
Saint-Augustin,CA,6137462,51.226,-58.6502,35.37,90,99,10.56,1619272693
Nouadhibou,MR,2377457,20.931,-17.0347,73.4,64,0,17.27,1619272694
Hirara,JP,1862505,24.8,125.2833,71.38,77,100,20.62,1619272695
Cockburn Town,TC,3576994,21.4612,-71.1419,78.28,77,42,20.04,1619272696
Kapaa,US,5848280,22.0752,-159.319,73.4,78,40,16.11,1619272697
Cherskiy,RU,2126199,68.75,161.3,23.41,96,100,3.18,1619272697
Karaton,ID,1630058,-6.3424,106.1045,86.0,70,20,2.3,1619272698
Brigantine,US,4500920,39.4101,-74.3646,66.0,44,1,6.91,1619272582
Abaeté,BR,3473267,-19.16,-45.4458,81.84,40,7,1.19,1619272699
Prado,BR,3452483,-17.3411,-39.2208,82.24,66,19,3.49,1619272700
Parakou,BJ,2392204,9.3372,2.6303,98.83,30,100,2.35,1619272701
Ulladulla,AU,2145554,-35.35,150.4667,53.6,100,70,6.91,1619272702
Sokoni,TZ,149812,-6.4333,39.55,89.6,62,20,12.66,1619272702
Rikitea,PF,4030556,-23.1203,-134.9692,76.62,77,100,10.78,1619272703
Lompoc,US,5367788,34.6391,-120.4579,50.0,81,19,3.89,1619272654
Beaumont,US,4672989,30.0861,-94.1019,75.2,94,90,5.75,1619272704
Dikson,RU,1507390,73.5069,80.5464,18.3,93,100,25.99,1619272705
Albany,US,5106841,42.6001,-73.9662,61.0,27,87,1.01,1619272706
Malakal,SS,370737,9.5334,31.6605,99.59,26,17,5.35,1619272706
Ciudad Bolivar,VE,3645532,8.1222,-63.5497,88.16,48,32,12.62,1619272707
East London,ZA,1006984,-33.0153,27.9116,73.4,53,0,12.66,1619272511
Ardino,BG,733638,41.5833,25.1333,57.99,51,90,5.75,1619272708
Copacabana,CO,3685949,6.3463,-75.5089,60.01,94,75,4.61,1619272709
New Amsterdam,GY,3376762,6.25,-57.5167,79.38,89,100,7.76,1619272710
Ponazyrevo,RU,506696,58.3578,46.3142,52.79,62,100,11.01,1619272711
Grand Gaube,MU,934479,-20.0064,57.6608,80.01,82,100,7.0,1619272712
Saint Paul Harbor,US,5866583,57.79,-152.4072,39.2,93,90,4.61,1619272712
Kavieng,PG,2094342,-2.5744,150.7967,81.09,77,17,6.82,1619272713
Torbay,CA,6167817,47.6666,-52.7314,46.0,70,75,23.02,1619272714
Vallenar,CL,3868633,-28.5708,-70.7581,65.5,52,0,3.0,1619272714
Rocha,UY,3440777,-34.4833,-54.3333,64.56,90,100,8.28,1619272715
Khatanga,RU,2022572,71.9667,102.5,32.4,96,100,14.76,1619272716
Port Blair,IN,1259385,11.6667,92.75,83.12,68,46,7.0,1619272717
Mulanje,MW,925789,-16.0316,35.5,75.15,71,82,4.14,1619272717
Derzhavīnsk,KZ,1524606,51.1,66.3167,52.77,30,100,17.29,1619272719
Hithadhoo,MV,1282256,-0.6,73.0833,83.64,68,71,5.5,1619272423
Ancud,CL,3899695,-41.8697,-73.8203,51.01,93,90,9.22,1619272720
Esperance,AU,2071860,-33.8667,121.9,62.6,77,100,8.05,1619272720
Barrow,US,5880054,71.2906,-156.7887,17.6,86,1,5.75,1619272721
Butterworth,MY,1735076,5.3991,100.3638,84.2,74,20,2.3,1619272722
Lewistown,US,5197850,40.5992,-77.5714,57.0,45,68,2.1,1619272723
Mount Gambier,AU,2156643,-37.8333,140.7667,50.0,100,75,5.75,1619272723
Khasan,RU,2039557,42.4308,130.6434,45.19,67,1,8.93,1619272724
Hong Kong,HK,1819729,22.2855,114.1577,77.0,85,24,1.99,1619272514
Cayenne,GF,3382160,4.9333,-52.3333,77.0,94,75,11.5,1619272725
Asău,RO,686090,46.4333,26.4,59.0,23,90,3.15,1619272726
Faanui,PF,4034551,-16.4833,-151.75,79.57,75,100,7.14,1619272727
San Patricio,US,4726521,28.017,-97.5169,73.99,100,40,6.91,1619272727
Avarua,CK,4035715,-21.2078,-159.775,78.8,73,75,11.5,1619272728
Puerto Carreño,CO,3671519,6.189,-67.4859,85.87,56,99,0.63,1619272729
Lüderitz,NA,3355672,-26.6481,15.1594,70.47,64,1,9.93,1619272730
Fort Nelson,CA,5955902,58.8053,-122.7002,19.4,86,75,4.61,1619272730
Tura,IN,1254046,25.5198,90.2201,79.12,30,59,3.22,1619272731
Waddān,LY,2209055,29.1614,16.139,83.39,26,0,16.58,1619272732
Muroto-misakicho,JP,1856392,33.2833,134.15,61.92,67,0,1.43,1619272732
Vanimo,PG,2084442,-2.6741,141.3028,78.84,85,89,2.13,1619272733
Houston,US,4699066,29.7633,-95.3633,75.0,88,1,3.44,1619272122
Alofi,NU,4036284,-19.0595,-169.9187,75.2,94,51,4.61,1619272734
Namangan,UZ,1513157,40.9983,71.6726,68.0,34,100,2.3,1619272735
Palmer,US,4946620,42.1584,-72.3287,61.0,35,20,8.05,1619272736
Muisne,EC,3653967,0.6,-80.0333,77.0,94,75,6.91,1619272737
Hasaki,JP,2112802,35.7333,140.8333,51.8,87,20,3.44,1619272737
Margate,GB,2643044,51.3813,1.3862,53.01,75,11,5.99,1619272738
Gōtsuchō,JP,1863521,35.0,132.2167,54.88,79,98,2.66,1619272739
Nanortalik,GL,3421765,60.1432,-45.2371,41.18,72,97,2.8,1619272739
Saint George,US,5546220,37.1041,-113.5841,60.01,26,1,8.05,1619272740
Youghal,IE,2960869,51.95,-7.8506,52.0,71,75,15.01,1619272741
Ulety,RU,2014369,51.3572,112.4849,44.92,22,100,4.05,1619272742
Taltal,CL,3870243,-25.4,-70.4833,63.63,73,0,2.68,1619272743
Sennar,SD,367644,13.5691,33.5672,100.47,18,66,17.22,1619272743
Spring Hill,US,4173838,28.4769,-82.5255,77.0,78,1,13.8,1619272637
Hanzhong,CN,1808857,33.0728,107.0303,58.55,76,100,3.71,1619272745
San-Pédro,CI,2282006,4.7485,-6.6363,87.71,65,67,12.62,1619272746
Amga,RU,2027786,60.8953,131.9608,10.24,97,58,2.84,1619272747
Bokoro,TD,2434985,12.3807,17.0568,106.84,11,68,2.75,1619272748
‘Āhuimanu,US,5856516,21.4447,-157.8378,73.4,73,90,12.66,1619272749
Ilulissat,GL,3423146,69.2167,-51.1,37.4,60,75,4.61,1619272750
Nizhniy Ufaley,RU,520473,55.9153,59.9842,44.78,58,100,9.93,1619272751
Phalodi,IN,1259813,27.1333,72.3667,89.73,12,0,11.3,1619272752
Katsuura,JP,2112309,35.1333,140.3,60.8,72,40,11.5,1619272752
Vilhena,BR,3924679,-12.7406,-60.1458,77.0,83,0,8.05,1619272753
Caravelas,BR,3466980,-17.7125,-39.2481,82.92,62,20,5.12,1619272754
Hyvinkää,FI,656913,60.6333,24.8667,37.99,74,100,6.26,1619272755
Pevek,RU,2122090,69.7008,170.3133,10.44,93,100,2.71,1619272756
Zhigansk,RU,2012530,66.7697,123.3711,33.58,99,100,9.44,1619272757
Agüimes,ES,2522325,27.9054,-15.4461,72.0,68,75,4.61,1619272757
Luwuk,ID,1637001,-0.9516,122.7875,79.14,78,89,3.85,1619272758
Carnarvon,AU,2074865,-24.8667,113.6333,71.6,83,0,6.91,1619272759
Ostrovnoy,RU,556268,68.0531,39.5131,37.96,100,100,4.88,1619272760
Pangnirtung,CA,6096551,66.1451,-65.7125,35.94,79,30,1.32,1619272760
Kirakira,SB,2178753,-10.4544,161.9205,79.25,78,90,4.5,1619272761
Yerbogachën,RU,2012956,61.2767,108.0108,29.98,92,100,1.59,1619272762
Deputatsky,RU,2028164,69.3,139.9,-1.71,91,98,5.21,1619272762
Ransang,PH,1691872,8.9603,117.5828,79.09,83,93,2.46,1619272763
Mettet,BE,2791261,50.3212,4.6623,55.4,47,21,12.66,1619272764
Tsiroanomandidy,MG,1054463,-18.7667,46.0333,75.33,69,16,3.42,1619272765
Kaina,NG,2334674,12.6374,8.5873,104.0,21,20,6.91,1619272765
Tovarkovo,RU,481941,54.6762,35.9386,44.6,57,0,15.66,1619272766
Escárcega,MX,3527795,18.6089,-90.7454,81.41,63,100,8.81,1619272767
Glotovka,RU,561179,53.9491,46.7042,50.29,75,100,10.25,1619272768
Basqal,AZ,587033,40.7552,48.391,69.8,52,40,13.8,1619272769
Russell,US,4047434,32.3502,-85.1999,64.0,94,90,16.11,1619272770
Piaçabuçu,BR,3454005,-10.4056,-36.4344,82.83,72,26,8.61,1619272771
Puerto Escondido,MX,3520994,15.85,-97.0667,77.0,83,40,5.75,1619272771
San Fernando del Valle de Catamarca,AR,3837702,-28.4696,-65.7852,64.99,93,99,5.01,1619272772
Tasiilaq,GL,3424607,65.6145,-37.6368,39.2,60,75,4.61,1619272773
Ugoofaaru,MV,1337619,5.6667,73.0,84.36,70,15,5.14,1619272773
Orzhytsya,UA,698346,49.7918,32.7012,46.17,43,97,17.25,1619272774
Tulun,RU,2014927,54.5611,100.5792,31.55,82,100,0.85,1619272775
Vestmanna,FO,2610343,62.1564,-7.1664,51.8,66,85,5.75,1619272776
Provideniya,RU,4031574,64.3833,-173.3,31.59,90,100,0.85,1619272776
Takoradze,GH,2294915,4.8845,-1.7554,86.68,68,100,12.41,1619272777
Jardim,BR,3460087,-21.4803,-56.1381,88.2,23,84,7.83,1619272778
Libreville,GA,2399697,0.3925,9.4537,82.4,78,40,9.22,1619272779
Turan,VN,1583992,16.0678,108.2208,82.4,89,20,4.61,1619272780
Ust-Nera,RU,2120048,64.5667,143.2,-3.84,85,14,1.95,1619272780
Geraldton,AU,2070998,-28.7667,114.6,66.2,94,2,8.05,1619272493
Farias Brito,BR,3400497,-6.9306,-39.5656,86.16,54,84,4.43,1619272782
Luzhou,CN,1801640,28.8724,105.4405,67.12,86,69,5.12,1619272782
Osypenko,UA,698316,46.9136,36.8253,57.0,100,57,18.01,1619272783
Hartford,US,4835806,41.7668,-72.7662,63.0,31,1,6.91,1619272712
Okha,RU,2122614,53.5739,142.9478,25.95,87,48,8.52,1619272784
Penzance,GB,2640377,50.1186,-5.5371,55.4,58,0,33.38,1619272785
Saint-Philippe,RE,935215,-21.3585,55.7679,77.0,88,90,24.16,1619272786
Waingapu,ID,1622318,-9.6567,120.2641,77.34,83,65,6.35,1619272786
Tahoua,NE,2439376,14.8888,5.2692,105.8,6,20,4.61,1619272589
Nūh,IN,1261145,28.1167,77.0167,88.0,16,0,8.05,1619272788
Banjar,ID,1650232,-8.19,114.9675,82.4,83,20,10.36,1619272788
Barreirinha,BR,3406202,-2.7933,-57.07,86.47,63,100,3.47,1619272789
Dingle,PH,1714733,10.9995,122.6711,78.08,81,71,3.38,1619272790
Vagay,RU,1487860,57.9375,69.0217,47.89,42,100,4.83,1619272790
Cidreira,BR,3466165,-30.1811,-50.2056,73.87,67,53,11.83,1619272791
Khanpur,PK,1174167,28.6453,70.6567,92.55,15,0,7.07,1619272792
Raudeberg,NO,3146487,61.9875,5.1352,42.01,75,25,17.2,1619272793
Yabassi,CM,2221046,4.457,9.9682,86.0,74,75,5.75,1619272794
Nyköping,SE,2687700,58.753,17.0079,42.8,45,75,13.8,1619272795
Port Elizabeth,ZA,964420,-33.918,25.5701,68.0,68,0,8.05,1619272796
Kholtoson,RU,2022369,50.2981,103.3097,32.32,99,100,1.7,1619272797
Bethel,US,5282297,41.3712,-73.414,61.0,33,1,5.75,1619272797
Luga,RU,533690,58.7372,29.8453,41.68,61,97,6.29,1619272798
Juazeiro,BR,3397154,-9.4117,-40.4986,84.2,70,20,11.5,1619272799
Airai,TL,1651810,-8.9266,125.4092,58.39,91,55,1.99,1619272799
Padang,ID,1633419,-0.9492,100.3543,78.8,89,40,2.3,1619272800
College,US,5859699,64.8569,-147.8028,33.8,74,20,5.75,1619272801
Brownsville,US,4676740,25.9018,-97.4975,77.0,88,90,4.61,1619272802
Lastoursville,GA,2399870,-0.8143,12.7287,73.31,91,100,2.26,1619272803
Paducah,US,4048662,37.0834,-88.6001,53.6,87,90,5.75,1619272803
Carauari,BR,3664659,-4.8828,-66.8958,83.14,76,59,2.84,1619272804
Talaya,RU,2120769,61.3833,152.75,-11.04,100,25,2.51,1619272806
Tamboril,DO,3492517,19.4854,-70.611,80.6,83,75,6.91,1619272808
Linxia Chengguanzhen,CN,1803331,35.6003,103.2064,47.05,72,100,3.85,1619272809
Tuatapere,NZ,2180815,-46.1333,167.6833,43.0,92,87,5.01,1619272811
Andenes,NO,3163146,69.3143,16.1194,36.0,80,75,8.05,1619272812
Road Town,VG,3577430,18.4167,-64.6167,82.99,69,40,11.5,1619272813
Padeş,RO,671559,45.0167,22.85,61.3,38,13,5.55,1619272814
Kudat,MY,1736458,6.8837,116.8477,78.8,94,20,2.3,1619272815
Wajir,KE,178443,1.7471,40.0573,93.2,46,75,6.91,1619272815
Jauja,PE,3937733,-11.7758,-75.4966,54.12,64,4,1.61,1619272816
Termez,UZ,1215957,37.2242,67.2783,82.4,14,0,2.3,1619272817
Chulym,RU,1507679,55.0997,80.9572,40.26,64,11,5.93,1619272818
Iquitos,PE,3696183,-3.7481,-73.2472,77.0,88,75,4.61,1619272818
Umm Kaddadah,SD,364933,13.6017,26.6876,103.53,8,54,8.77,1619272819
Lafia,NG,2332515,8.4833,8.5167,91.42,46,100,10.45,1619272820
Haikou,CN,1809078,20.0458,110.3417,80.6,83,40,6.71,1619272821
Ormara,PK,1168700,25.2088,64.6357,81.91,78,0,9.95,1619272821
Ürümqi,CN,1529102,43.801,87.6005,41.0,45,0,8.95,1619272822
Umba,RU,479071,66.6871,34.3429,38.44,87,100,1.88,1619272823
Balingasay,PH,1728091,16.3573,119.8564,79.59,75,1,12.62,1619272824
Coos Bay,US,5720495,43.3665,-124.2179,46.99,100,90,5.75,1619272602
Tataouine,TN,2464701,32.9297,10.4518,73.4,35,0,9.22,1619272825
Ust-Tsilma,RU,477940,65.441,52.1498,53.15,63,92,9.15,1619272826
Praia da Vitória,PT,3372760,38.7333,-27.0667,60.8,82,75,30.74,1619272827
Husavik,IS,2629833,66.0449,-17.3389,55.4,54,0,3.44,1619272827
San Cristobal,VE,3628473,7.7669,-72.225,80.6,74,40,2.3,1619272828
Flic en Flac,MU,934517,-20.2742,57.3631,80.01,89,75,11.5,1619272829
Guaraniaçu,BR,3461892,-25.1008,-52.8781,69.8,56,0,8.05,1619272829
Kumul,CN,1529484,42.8,93.45,55.0,17,0,13.47,1619272830
Flinders,AU,6255012,-34.5833,150.8552,54.0,80,28,1.01,1619272831
Iqaluit,CA,5983720,63.7506,-68.5145,33.8,86,75,10.36,1619272832
Angoche,MZ,1052944,-16.2325,39.9086,78.51,74,28,9.42,1619272832
Salalah,OM,286621,17.0151,54.0924,83.77,69,0,8.99,1619272833
Kang,BW,933692,-23.6752,22.7876,80.1,16,0,3.31,1619272834
Katsina,NG,2334802,12.9894,7.6006,104.36,10,37,3.74,1619272834
Krasnogorsk,RU,542374,55.8225,37.3181,42.01,87,90,17.9,1619272835
Ailigandí,PA,3714956,9.2333,-78.0167,81.63,79,67,7.96,1619272836
Tilichiki,RU,2120591,60.4667,166.1,20.53,94,98,5.08,1619272837
Baharly,TM,162158,38.4362,57.4316,76.95,40,100,11.34,1619272837
Olinda,BR,3393536,-8.0089,-34.8553,82.4,65,40,10.36,1619272838
Kango,GA,2400682,0.1943,10.0951,73.2,96,100,1.63,1619272839
Gravdal,NO,3155152,68.1214,13.5031,37.4,60,40,10.36,1619272840
Lagoa,PT,3372964,39.05,-27.9833,58.53,79,6,27.67,1619272840
Manyana,BW,933416,-23.4,21.7167,79.32,16,0,4.18,1619272841
Sabla,NG,2349431,12.7525,4.7077,106.88,11,18,3.76,1619272842
Ayan,RU,2027316,56.45,138.1667,26.71,76,99,10.27,1619272843
Baft,IR,390054,29.234,56.6057,54.46,64,100,12.59,1619272843
Santa Rosa,PH,1687894,14.3122,121.1114,84.0,76,5,1.99,1619272416
Dalbandin,PK,1180729,28.8947,64.4101,90.82,4,0,11.77,1619272845
Atasū,KZ,1526041,48.6814,71.6433,48.13,23,100,13.71,1619272845
Sur,OM,286245,22.5667,59.5289,93.16,33,0,4.61,1619272846
Katima Mulilo,NA,877178,-17.5,24.2667,81.32,33,100,3.71,1619272847
Kaeo,NZ,2189343,-35.1,173.7833,54.0,94,73,5.64,1619272848
Behat,IN,1276600,30.1667,77.6167,81.14,23,0,7.11,1619272849
San Felipe,VE,3628423,10.3399,-68.7425,80.96,72,84,5.1,1619272850
Tateyama,JP,1850523,34.9833,139.8667,61.0,72,40,11.5,1619272851
Djougou,BJ,2394560,9.7085,1.666,89.6,48,40,8.05,1619272851
Bridlington,GB,2654728,54.0831,-0.1919,54.0,65,14,8.01,1619272852
Plettenberg Bay,ZA,964712,-34.0527,23.3716,65.62,74,100,4.81,1619272853
Abu Dhabi,AE,292968,24.4667,54.3667,96.8,31,0,10.36,1619272557
Baykit,RU,1510689,61.67,96.37,31.32,95,100,2.13,1619272854
Sibolga,ID,1213855,1.7427,98.7792,75.52,96,100,5.01,1619272855
Verkhoyansk,RU,2013465,67.5447,133.385,19.54,87,100,5.28,1619272856
Jyvaskyla,FI,655194,62.2415,25.7209,42.01,87,90,8.05,1619272637
Ekhabi,RU,2122614,53.5102,142.9671,25.23,87,39,8.14,1619272857
Pinawa,CA,6104820,50.1489,-95.8811,33.53,34,61,1.99,1619272858
Ryl'sk,RU,695019,51.5655,34.6822,42.71,58,100,17.83,1619272858
San Quintín,MX,3984997,30.4833,-115.95,56.66,85,20,8.37,1619272859
Port Lincoln,AU,2063036,-34.7333,135.8667,58.93,67,4,5.23,1619272860
Bełchatów,PL,3103709,51.3688,19.3567,51.01,59,100,3.0,1619272861
Hermon,US,4966992,44.8101,-68.9134,62.01,35,40,11.5,1619272862
Fare,PF,4034496,-16.7,-151.0167,79.45,73,100,6.42,1619272863
Zyryanka,RU,2119283,65.75,150.85,15.67,94,100,10.16,1619272863
San Miguel de Tucumán,AR,3836873,-26.8241,-65.2226,69.8,73,0,6.91,1619272819
Esim,GH,2303611,4.8699,-2.2405,86.97,66,99,8.9,1619272865
Guerrero Negro,MX,4021858,27.9769,-114.0611,58.19,84,31,12.12,1619272866
Ust'-Ishim,RU,1488206,57.6935,71.1665,46.63,46,100,4.12,1619272867
Turukhansk,RU,1488903,65.8167,87.9833,34.56,98,94,11.86,1619272868
Nome,US,5870133,64.5011,-165.4064,28.4,86,75,3.24,1619272868
Semnan,IR,116402,35.5729,53.3971,82.02,23,72,10.67,1619272869
Umluj,SA,100926,25.0213,37.2685,81.93,59,0,7.72,1619272870
Mahina,PF,4034307,-17.5065,-149.489,75.2,83,75,3.44,1619272871
São Sebastião,BR,3448257,-23.76,-45.4097,76.91,67,48,4.92,1619272871
Champerico,GT,3598787,14.3,-91.9167,75.2,94,75,6.06,1619272872
Encruzilhada do Sul,BR,3464255,-30.5439,-52.5219,75.56,38,51,4.81,1619272873
Benalla,AU,2176225,-36.55,145.9833,41.0,93,40,4.34,1619272874
Camacupa,AO,3351014,-12.0167,17.4833,76.68,55,100,2.17,1619272875
Rongcheng,CN,1797117,30.634,117.8517,62.29,90,100,6.58,1619272876
Inuvik,CA,5983607,68.3499,-133.7218,30.2,64,100,4.61,1619272876
Menongue,AO,3347353,-14.6585,17.691,82.98,25,54,5.06,1619272877
Kaitangata,NZ,2208248,-46.2817,169.8464,48.0,88,13,5.01,1619272878
Fuerte Olimpo,PY,3438102,-21.0415,-57.8738,91.56,30,91,6.26,1619272878
Sosnogorsk,RU,490391,63.6023,53.8817,52.39,54,68,10.98,1619272879
Severodvinsk,RU,496285,64.5635,39.8302,51.8,76,75,8.95,1619272880
Arkhangelsk,RU,581049,64.5401,40.5433,51.8,76,75,8.95,1619272881
Port Hedland,AU,2063042,-20.3167,118.5667,73.4,73,0,6.91,1619272881
Acapulco de Juárez,MX,3533462,16.8634,-99.8901,73.4,78,20,2.3,1619272882
Masvingo,ZW,886763,-20.0637,30.8277,81.03,21,1,7.7,1619272883
Krapkowice,PL,3094788,50.4752,17.9654,53.01,49,100,5.99,1619272883
Forio,IT,3176748,40.7342,13.8646,69.01,60,2,14.0,1619272884
La Romana,DO,3500957,18.4273,-68.9728,78.8,89,75,8.05,1619272885
Monrovia,LR,2274895,6.3005,-10.7969,91.4,66,75,11.5,1619272886
Thinadhoo,MV,1337610,0.5333,72.9333,83.3,68,21,6.44,1619272886
Mtimbira,TZ,152793,-8.7833,36.35,78.87,88,53,1.74,1619272887
Amalāpuram,IN,1278935,16.5833,82.0167,89.6,58,20,8.05,1619272888
Marawi,PH,1701054,7.9986,124.2928,79.0,85,41,5.01,1619272889
Skodje,NO,3138747,62.5021,6.7034,39.0,79,96,3.0,1619272890
Beyneu,KZ,610298,45.3167,55.2,69.94,25,82,12.35,1619272890
Quatre Cocos,MU,1106643,-20.2078,57.7625,80.01,89,75,11.5,1619272891
Krasnosel'kup,RU,1502073,65.7,82.4667,33.49,98,100,7.87,1619272892
Fukuechō,JP,1863997,32.6881,128.8419,62.01,83,12,12.39,1619272893
Cedar City,US,5536630,37.6775,-113.0619,52.0,31,1,14.97,1619272724
Farmington,US,5467328,36.7281,-108.2187,35.6,55,1,6.91,1619272594
Camacha,PT,2270385,33.0833,-16.3333,68.0,56,20,18.41,1619272894
Sabinas,MX,3988333,27.85,-101.1167,76.75,11,1,7.92,1619272895
Souillac,MU,933995,-20.5167,57.5167,78.8,89,75,11.5,1619272865
Marysville,US,5802570,48.0518,-122.1771,48.0,93,90,8.05,1619272896
Pontianak,ID,1630789,-0.0333,109.3333,80.6,89,40,3.91,1619272897
Eureka,US,5563397,40.8021,-124.1637,48.99,94,100,6.22,1619272898
Kortkeros,RU,544397,61.8106,51.5806,57.2,44,75,6.71,1619272899
Bogale,MM,1328121,16.2833,95.4,85.15,63,67,12.06,1619272899
Tabou,CI,2281120,4.423,-7.3528,86.81,69,87,11.59,1619272900
Poum,NC,2138555,-20.2333,164.0167,78.58,79,96,14.09,1619272901
Naze,JP,1855540,28.3667,129.4833,65.66,66,85,22.28,1619272902
Praia,CV,3374333,14.9215,-23.5087,78.8,53,20,23.02,1619272903
Trairi,BR,3386177,-3.2778,-39.2689,82.45,81,59,10.38,1619272903
Bandarbeyla,SO,64814,9.4942,50.8122,85.1,69,47,13.69,1619272904
Whitehorse,CA,6180550,60.7161,-135.0538,28.4,64,20,1.99,1619272638
Cabo San Lucas,MX,3985710,22.8909,-109.9124,59.0,63,20,3.44,1619272866
Baringo,KE,200575,0.4667,35.9667,87.98,32,98,13.98,1619272906
Taku,CN,1793424,39.0211,117.6469,57.2,77,99,2.24,1619272907
Meulaboh,ID,1214488,4.1363,96.1285,75.92,89,100,5.5,1619272907
Bantogon,PH,1726977,6.5333,124.0333,80.06,74,17,2.08,1619272908
Batemans Bay,AU,2176639,-35.7167,150.1833,55.99,87,89,1.01,1619272814
Sterling,US,4787534,39.0062,-77.4286,60.8,36,1,1.14,1619272909
Cavalcante,BR,3466594,-13.7975,-47.4583,83.34,50,46,3.6,1619272910
Zhengjiatun,CN,2033135,43.5064,123.5064,45.63,25,0,7.45,1619272911
Mopti,ML,2453347,14.6667,-4.0,107.58,6,29,5.28,1619272911
Staraya Stanitsa,RU,489062,48.35,40.2833,56.46,38,92,16.24,1619272912
Hamina,FI,659169,60.5697,27.1979,41.0,56,75,2.3,1619272913
Evensk,RU,2125693,61.95,159.2333,26.29,89,100,7.18,1619272914
Kaseda-shirakame,JP,1859964,31.4167,130.3167,62.6,74,14,10.33,1619272914
Annaberg-Buchholz,DE,2956005,50.5795,13.0063,54.0,56,94,13.0,1619272915
Shakhtinsk,KZ,1519327,49.71,72.5872,50.0,16,0,13.42,1619272916
Sambava,MG,1056899,-14.2667,50.1667,79.21,82,14,13.8,1619272917
Sakaiminato,JP,1853174,35.55,133.2333,55.4,88,40,2.3,1619272917
Moose Factory,CA,6078372,51.2585,-80.6094,21.2,79,90,11.5,1619272918
Pushkinskiye Gory,RU,503965,57.0209,28.9103,40.71,68,100,12.12,1619272919
Norman Wells,CA,6089245,65.282,-126.8329,24.8,68,75,4.61,1619272919
Campbellton,CA,6696258,48.0075,-66.6727,42.8,65,82,18.41,1619272920
Narsaq,GL,3421719,60.9167,-46.05,59.0,26,20,19.57,1619272921
Kokopo,PG,2093685,-4.352,152.2633,77.54,81,33,4.99,1619272922
Nikolayevka,RU,521966,53.1257,47.2041,53.85,74,100,10.29,1619272922
Petropavlovsk-Kamchatskiy,RU,2122104,53.0452,158.6483,33.8,100,20,6.71,1619272923
Nava,MX,3995050,28.4167,-100.7667,74.57,16,0,7.78,1619272924
Arcata,US,5558953,40.8665,-124.0828,48.99,87,90,3.44,1619272763
Broken Hill,AU,2173911,-31.95,141.4333,57.2,54,0,9.22,1619272925
Toro,CO,3666881,4.6117,-76.0814,69.8,88,40,4.61,1619272926
Namatanai,PG,2090021,-3.6667,152.4333,78.71,81,50,7.16,1619272926
Gilgit,PK,1178338,35.9221,74.3087,57.61,30,1,1.57,1619272927
Jonesboro,US,4116834,35.8423,-90.7043,55.4,94,90,6.91,1619272928
Antonina,BR,3472048,-25.4286,-48.7119,62.6,77,75,3.44,1619272928
Taicheng,CN,1790959,38.731,113.228,48.99,73,100,4.34,1619272929
Imbituba,BR,3461370,-28.24,-48.6703,73.4,73,20,4.61,1619272930
Montijo,PT,2265788,38.7067,-8.9739,69.8,56,20,13.8,1619272931
Manono,CD,209598,-7.3,27.4167,81.12,67,100,1.77,1619272931
Hoshcha,UA,708257,50.6003,26.6744,46.4,42,40,15.66,1619272932
Maniitsoq,GL,3421982,65.4167,-52.9,38.53,66,0,2.21,1619272933
Tulu Bolo,ET,327234,8.6667,38.2167,72.09,45,100,6.02,1619272934
San Felipe Orizatlán,MX,3522302,21.1833,-98.6167,82.35,40,100,3.22,1619272934
Ayorou,NE,2447416,14.7308,0.9174,109.45,4,0,9.46,1619272935
Sal Rei,CV,3374235,16.1833,-22.9167,77.0,53,40,19.57,1619272936
Anamur,TR,323828,36.0751,32.8369,78.8,27,75,6.91,1619272936
Mascota,MX,3996472,20.5167,-104.7833,73.0,83,75,3.44,1619272847
Médéa,DZ,2488835,36.2642,2.7539,71.6,56,0,16.11,1619272938
Harper,LR,2276492,4.375,-7.7169,85.57,71,58,11.12,1619272938
Harbin,CN,2037013,45.75,126.65,46.4,42,0,8.95,1619272939
Lucapa,AO,145724,-8.4192,20.7447,71.58,87,100,0.36,1619272940
Vágur,FO,2610806,61.4732,-6.8119,45.95,84,100,5.91,1619272940
Bagotville,AU,2177254,-28.9833,153.4167,57.2,94,74,4.5,1619272941
Buala,SB,2109528,-8.145,159.5921,79.95,82,54,2.35,1619272942
Homer,US,5864145,59.6425,-151.5483,37.99,93,90,4.61,1619272943
Bara,NG,2347758,10.3744,10.7288,100.4,32,20,10.36,1619272943
Mehamn,NO,778707,71.0357,27.8492,34.66,71,100,9.33,1619272944
Kiama,AU,2161515,-34.6833,150.8667,54.0,87,24,1.99,1619272945
Tuban,ID,1623180,-6.8976,112.0649,79.18,82,81,4.07,1619272946
Imperatriz,BR,3398269,-5.5264,-47.4917,82.4,78,75,4.61,1619272946
Yeppoon,AU,2142316,-23.1333,150.7333,69.8,73,90,1.14,1619272947
Sompeta,IN,1255816,18.9333,84.6,82.69,75,2,8.93,1619272948
Oistins,BB,3373652,13.0667,-59.5333,84.2,54,40,17.27,1619272755
Klaksvík,FO,2618795,62.2266,-6.589,51.8,66,83,5.75,1619272949
Bairiki Village,KI,7601762,1.3292,172.9752,81.59,74,71,5.32,1619272950
Bojnourd,IR,140380,37.4747,57.329,78.8,27,75,6.91,1619272950
Saint-Louis,SN,2246451,16.3333,-15.0,100.98,11,1,8.97,1619272951
Monte Alegre,BR,3394605,-2.0078,-54.0692,82.67,76,65,3.94,1619272952
Aklavik,CA,5882953,68.2191,-135.0107,23.0,86,75,3.44,1619272952
Matagami,CA,6067747,49.7502,-77.6328,28.4,93,90,10.36,1619272953
Yulara,AU,6355222,-25.2406,130.9889,62.6,42,59,5.75,1619272875
Batalha,BR,3405993,-9.6778,-37.1247,87.03,56,60,6.91,1619272954
Gaza,PS,281133,31.5,34.4667,75.99,44,0,3.0,1619272955
Saint-Pierre,RE,935214,-21.3393,55.4781,77.0,88,90,24.16,1619272956
Matara,LK,1235846,5.9485,80.5353,79.23,87,62,6.49,1619272957
Gusinoye Ozero,RU,2023778,51.1144,106.2614,42.4,84,100,3.71,1619272957
Belmonte,BR,3470137,-15.8631,-38.8828,80.6,74,40,9.22,1619272958
Nova Olímpia,BR,3456137,-14.7972,-57.2881,86.49,57,10,3.96,1619272959
Hambantota,LK,1244926,6.1241,81.1185,82.4,100,40,3.44,1619272959
Soyo,AO,2236967,-6.1349,12.3689,86.0,66,75,5.75,1619272960
Kathu,TH,1153035,7.9178,98.3332,88.0,79,20,10.36,1619272961
Isangel,VU,2136825,-19.55,169.2667,78.08,81,92,10.45,1619272962
Pathein,MM,1328421,16.7833,94.7333,81.81,77,71,10.07,1619272962
Kailua,US,5847486,21.4022,-157.7394,73.4,73,90,12.66,1619272678
Tihuatlan,MX,3515603,20.7167,-97.5333,78.8,94,1,5.75,1619272963
Gumi,KR,1842225,36.1136,128.336,60.8,58,40,1.14,1619272964
Río Gallegos,AR,3838859,-51.6226,-69.2181,41.0,93,0,1.14,1619272939
Ladário,BR,3459352,-19.0047,-57.6017,84.2,65,20,6.91,1619272966
Khovd,MN,1516048,48.0056,91.6419,31.75,18,1,16.75,1619272966
Bonthe,SL,2409914,7.5264,-12.505,88.16,59,52,12.64,1619272967
Weligama,LK,1223738,5.9667,80.4167,79.59,85,71,6.76,1619272968
Kabare,CD,215605,-2.4683,28.8242,70.52,86,77,1.99,1619272750
Severo-Kuril'sk,RU,2121385,50.6789,156.125,35.71,94,100,4.83,1619272969
Kangaatsiaq,GL,3422683,68.3065,-53.4641,30.63,79,91,8.72,1619272970
Sabang,ID,1214026,5.8933,95.3214,83.17,70,100,15.95,1619272970
Itarema,BR,3393692,-2.9248,-39.9167,85.89,67,79,12.06,1619272971
Oranjemund,NA,3354071,-28.55,16.4333,66.15,69,13,9.62,1619272972
Coquimbo,CL,3893629,-29.9533,-71.3436,57.2,77,0,3.44,1619272973
North Platte,US,5697939,41.1239,-100.7654,37.4,70,90,6.91,1619272973
Olafsvik,IS,3414079,64.8945,-23.7142,44.83,89,100,15.23,1619272974
Iranshahr,IR,1160939,27.2025,60.6848,104.0,8,20,6.91,1619272975
Tongren,CN,1792592,27.7172,109.1853,57.85,92,100,7.16,1619272976
Lahaina,US,5849996,20.8783,-156.6825,71.6,88,75,14.97,1619272856
Coruripe,BR,3465329,-10.1256,-36.1756,82.98,72,30,10.47,1619272977
Katakwi,UG,231947,1.8911,33.9661,81.95,51,93,0.78,1619272978
Nioro,GM,2412408,13.35,-15.75,98.13,12,17,8.25,1619272979
Mana,GF,3381041,5.6592,-53.7767,76.41,92,100,7.99,1619272979
Brae,GB,2654970,60.3964,-1.353,46.4,87,90,9.22,1619272980
Kampong Thom,KH,1831125,12.7111,104.8887,84.29,66,98,9.86,1619272981
Syracuse,IT,2523082,37.0881,15.2792,63.0,77,75,8.05,1619272982
Caldas Novas,BR,3468100,-17.7417,-48.625,84.7,30,7,2.73,1619272848
Nova Russas,BR,3393832,-4.7067,-40.5631,85.53,59,99,2.21,1619272983
Kulhudhuffushi,MV,1337613,6.6221,73.07,84.16,69,64,2.64,1619272984
Kamenka,RU,553766,51.3223,42.7678,48.0,71,96,7.0,1619272984
Kahului,US,5847411,20.8947,-156.47,71.6,88,1,14.97,1619272985
Segezha,RU,497927,63.7415,34.3222,39.83,80,100,5.88,1619272986
Kunda,IN,1265632,25.7167,81.5167,93.13,10,29,9.06,1619272986
Sinnamary,GF,3380290,5.3833,-52.95,78.21,87,100,11.86,1619272987
Guarapari,BR,3461888,-20.6667,-40.4975,82.0,69,40,9.22,1619272988
Vila Franca do Campo,PT,3372472,37.7167,-25.4333,57.2,88,75,17.27,1619272989
Cap Malheureux,MU,934649,-19.9842,57.6142,80.01,82,100,5.99,1619272990
Tailai,CN,2034599,46.3833,123.4,49.32,18,0,6.55,1619272991
Chiang Klang,TH,1611195,19.2938,100.8617,86.14,53,69,2.55,1619272992
Lyubech,UA,702477,51.7026,30.6569,44.51,44,99,16.58,1619272993
Bosaso,SO,64013,11.2842,49.1816,86.0,84,40,6.91,1619272994
Lapta,CY,146403,35.3375,33.1792,91.4,6,0,6.91,1619272995
Taoudenni,ML,2450173,22.6783,-3.9836,104.31,6,0,12.66,1619272995
Mahajanga,MG,1062663,-15.7167,46.3167,87.8,55,40,6.91,1619272996
Azanka,RU,1511146,58.0401,64.7893,47.61,51,100,8.77,1619272997
Bone,DE,2937959,51.9669,12.1396,57.0,51,100,3.0,1619272998
Hohhot,CN,2036892,40.8106,111.6522,62.6,31,20,6.71,1619272999
Kurmanayevka,RU,538685,52.5093,52.0675,49.91,75,87,5.21,1619272999
Mungeli,IN,1262484,22.0667,81.6833,91.44,12,100,6.87,1619273000
Dabakala,CI,2290609,8.3667,-4.4333,98.1,36,79,5.1,1619273001
Ejido,VE,3644417,8.5514,-71.2375,77.92,60,91,4.34,1619273003
San Policarpo,PH,1688696,12.1791,125.5072,78.51,84,82,6.53,1619273003
Nyrob,RU,516588,60.733,56.7202,44.51,85,100,7.72,1619273004
Valkeala,FI,632669,60.9401,26.7979,41.0,52,90,4.61,1619273005
Ahipara,NZ,2194098,-35.1667,173.1667,60.03,86,71,9.19,1619273005
Villazón,BO,3901501,-22.0866,-65.5942,51.12,15,0,17.45,1619273006
Kavaratti,IN,1267390,10.5669,72.642,85.19,69,7,7.74,1619273007
Montepuez,MZ,1037125,-13.1256,38.9997,74.08,89,98,7.02,1619273008
Ngunguru,NZ,2186111,-35.6167,174.5,54.0,94,34,9.08,1619273009
Sicamous,CA,6147353,50.8331,-118.9856,37.4,75,58,2.3,1619272847
Bereket,TM,161974,39.2446,55.5154,77.86,35,81,12.3,1619273010
Prabumulih,ID,1631393,-3.45,104.25,76.89,79,88,3.83,1619273011
Kolokani,ML,2454955,13.5728,-8.0339,98.49,19,97,5.61,1619273011
Vostochnyy,RU,471501,55.8167,37.8667,42.01,87,90,17.9,1619273012
Sinegor'ye,RU,2121197,62.0788,150.477,-0.38,91,91,2.28,1619273013
Haicheng,CN,2037086,40.8516,122.7475,53.71,50,6,13.35,1619273014
Ca Mau,VN,1586443,9.1769,105.15,81.34,77,31,4.36,1619273014
Aguçadoura,PT,2743298,41.4318,-8.7804,69.01,73,40,3.44,1619273015
Egvekinot,RU,4031742,66.3167,-179.1667,21.16,85,99,1.01,1619273016
Hokitika,NZ,2206894,-42.7167,170.9667,49.05,84,5,3.87,1619273016
Inhambane,MZ,1045114,-23.865,35.3833,80.6,54,20,9.26,1619273017
Vila,PT,7117100,42.0304,-8.1588,69.01,53,99,1.01,1619273018
Tari,NG,2322495,12.4086,4.4914,107.1,11,18,2.86,1619273019
Haines Junction,CA,5969025,60.7522,-137.5108,21.2,93,12,3.44,1619273019
Pecos,US,5528182,31.4229,-103.4932,57.2,30,1,5.75,1619273020
Poronaysk,RU,2121909,49.2167,143.1167,31.84,92,100,5.7,1619273021
Isaka,TZ,159045,-3.9,32.9333,76.68,64,98,2.8,1619273021
Poli,TZ,150689,-3.3333,36.8,84.2,61,40,5.75,1619273022
Pachino,IT,6539213,36.7186,15.0907,64.4,55,75,8.05,1619273023
Lavrentiya,RU,4031637,65.5833,-171.0,21.31,97,82,3.6,1619273024
Nacala,MZ,1035025,-14.5428,40.6728,76.89,89,100,9.4,1619272770
Garoowe,SO,58933,8.4054,48.4845,91.17,34,79,7.7,1619273025
Bonavista,CA,5905393,48.6499,-53.1147,37.4,93,63,8.05,1619273026
Springe,DE,2830035,52.2085,9.5542,55.99,40,100,4.0,1619273026
Zeya,RU,2012593,53.75,127.2667,30.15,65,1,6.31,1619273027
Goubellat,TN,2467980,36.5418,9.6633,68.0,49,20,13.8,1619273028
Zemio,CF,235826,5.0314,25.1361,86.99,50,83,7.05,1619273028
Seybaplaya,MX,3516685,19.65,-90.6667,77.0,83,20,10.36,1619273029
Coyhaique,CL,3894426,-45.5752,-72.0662,50.0,81,90,5.75,1619273030
Mackenzie,CA,6063191,55.2999,-123.1698,28.4,69,1,2.3,1619273031
Bayangol,RU,2027002,50.6977,103.4656,32.52,99,100,0.56,1619273031
Kiraoli,IN,1266510,27.15,77.7833,87.94,8,60,8.7,1619273032
Rio Branco,BR,3662574,-9.9747,-67.81,82.4,78,40,9.22,1619273033
Kwidzyn,PL,3094086,53.7249,18.9311,46.99,46,100,4.0,1619273033
Kuantan,MY,1735227,3.8077,103.326,78.8,83,20,2.3,1619273034
Laas,IT,3175096,46.6166,10.7002,75.2,29,0,4.61,1619273035
Kinablangan,PH,1708743,7.6947,126.5503,79.88,81,100,3.6,1619273036
Savannah Bight,HN,3601402,16.45,-85.85,86.0,45,0,23.06,1619273036
Alice Springs,AU,2077895,-23.7,133.8833,57.2,51,2,9.22,1619272827
Bajil,YE,77408,15.0584,43.2851,94.19,33,32,1.72,1619273038
Alta,NO,847633,69.9689,23.2717,33.8,60,90,16.11,1619273038
Kununurra,AU,2068110,-15.7667,128.7333,66.2,63,9,4.61,1619273039
Ushtobe,KZ,1517637,45.2514,77.9838,43.79,30,100,20.4,1619273040
Saint-Joseph,RE,6690296,-21.3667,55.6167,77.0,88,90,24.16,1619273040
Upington,ZA,945945,-28.4478,21.2561,89.6,12,0,1.14,1619273041
Temba,ZA,989747,-25.3803,28.2631,78.8,21,30,12.66,1619273042
Nishihara,JP,1855342,26.1842,127.7558,69.8,83,75,16.11,1619273043
Owando,CG,2255542,-0.4819,15.8999,77.45,73,100,3.44,1619273044
Dudinka,RU,1507116,69.4058,86.1778,32.95,98,100,12.28,1619273045
Fujinomiya,JP,1864105,35.2167,138.6167,62.01,47,79,3.0,1619273045
Mountain Home,US,5601615,43.133,-115.6912,50.0,40,40,8.05,1619273046
Hobyo,SO,57000,5.3505,48.5268,85.82,65,75,11.36,1619273047
La Peca,PE,3695675,-5.6111,-78.435,70.05,88,69,1.21,1619273048
Al Bardīyah,LY,80509,31.7561,25.0865,71.22,47,100,13.87,1619273049
Tomatlán,MX,3981391,19.9333,-105.25,74.39,43,75,2.04,1619273049
Rome,US,5134295,43.2128,-75.4557,55.99,61,1,8.59,1619272803
South Sioux City,US,5079250,42.4739,-96.4136,42.8,56,1,17.27,1619273051
Tazmalt,DZ,2477537,36.3868,4.3989,77.05,33,100,5.64,1619273051
Ilula,TZ,159179,-7.6766,36.0366,75.2,60,75,8.05,1619273052
Flin Flon,CA,5954718,54.7682,-101.865,17.6,62,40,5.75,1619273053
San Miguel,SV,3583446,13.4833,-88.1833,82.4,78,0,2.3,1619273053
Aitape,PG,2101169,-3.1374,142.3475,78.71,86,59,2.64,1619273054
Alyangula,AU,2079582,-13.8483,136.4192,73.4,94,100,8.72,1619273055
Ketchikan,US,5554428,55.3422,-131.6461,35.6,93,1,5.75,1619273056
Magadan,RU,2123628,59.5667,150.8,17.26,70,83,11.79,1619272830
Uyuni,BO,3901903,-20.4597,-66.825,45.55,25,0,15.48,1619273057
Bagdarin,RU,2027244,54.4333,113.6,35.01,51,100,3.49,1619273058
Beringovskiy,RU,2126710,63.05,179.3167,21.85,98,91,3.67,1619273058
Challans,FR,3027513,46.8436,-1.8749,75.2,31,0,13.8,1619273059
Natal,BR,3394023,-5.795,-35.2094,86.0,66,75,12.66,1619272980
Port Hardy,CA,6111862,50.6996,-127.4199,44.6,100,90,2.1,1619272810
Mel'nikovo,RU,1499007,56.5558,84.085,32.04,91,93,2.35,1619273061
Ventspils,LV,454310,57.3894,21.5606,39.2,75,75,16.11,1619272853
Yatou,CN,1786855,37.15,122.3833,50.81,75,0,7.18,1619273063
Tautira,PF,4033557,-17.7333,-149.15,75.2,83,75,2.3,1619273064
Utiel,ES,2510075,39.5667,-1.2,57.99,84,100,10.63,1619273064
Funtua,NG,2342490,11.5233,7.3081,97.93,19,94,4.81,1619273065
Santiago,CL,3871336,-33.4569,-70.6483,63.0,93,0,1.14,1619272827
Svetlaya,RU,2015852,46.5389,138.3297,34.43,90,76,1.12,1619273066
Otradnoye,RU,513898,59.7775,30.8181,45.0,56,75,6.71,1619273067
Mezen',RU,527321,65.8522,44.24,59.77,41,100,9.66,1619273068
Miandrivazo,MG,1059051,-19.5167,45.4667,87.76,52,0,3.94,1619273069
Batagay-Alyta,RU,2027042,67.8006,130.4114,18.97,83,100,5.35,1619273070
Maiduguri,NG,2331447,11.8464,13.1603,106.11,14,100,3.15,1619273070
Nur-Sultan,KZ,1526273,51.1801,71.446,50.0,25,0,6.71,1619273071
Władysławowo,PL,3081752,54.7909,18.4009,48.0,25,0,24.16,1619273072
Panzhihua,CN,6929460,26.5851,101.7128,77.45,20,0,3.8,1619273073
Amurzet,RU,2027740,47.6967,131.0981,41.25,31,5,7.58,1619273073
Abū Zabad,SD,380348,12.35,29.25,102.67,14,65,13.27,1619273074
Rotterdam,NL,2747891,51.9225,4.4792,55.0,58,100,10.36,1619273075
Sept-Îles,CA,6144312,50.2001,-66.3821,44.01,75,20,8.05,1619272832
Schisma Eloundas,GR,253666,35.2667,25.7167,69.01,82,75,8.05,1619273076
Hermiston,US,5731070,45.8404,-119.2895,51.01,76,90,12.66,1619272855
Honāvar,IN,1269976,14.2833,74.45,82.9,70,0,7.14,1619273077
Viedma,AR,3832899,-40.8135,-62.9967,60.4,58,82,19.35,1619272911
Salisbury,GB,2638664,51.0693,-1.7957,62.6,39,8,14.97,1619272790
Mwinilunga,ZM,902620,-11.7358,24.4293,73.02,66,100,3.6,1619273079
Sironko,UG,226267,1.2313,34.2477,69.17,90,100,8.37,1619273080
Shimoda,JP,1852357,34.6667,138.95,62.01,78,51,1.01,1619273080
Banda Aceh,ID,1215502,5.5577,95.3222,81.3,74,100,10.16,1619273081
Sola,VU,2134814,-13.8833,167.55,81.82,78,86,12.48,1619273082
Tucupita,VE,3625929,9.0622,-62.051,88.66,50,35,7.29,1619273083
Srednekolymsk,RU,2121025,67.45,153.6833,12.29,95,100,10.76,1619273083
Zhoucheng,CN,1920772,35.9122,116.3117,57.18,66,100,7.74,1619273084
Necochea,AR,3430443,-38.5473,-58.7368,64.99,70,0,11.01,1619273085
Hervey Bay,AU,2146219,-25.2986,152.8535,64.0,81,0,1.01,1619273085
Mugur-Aksy,RU,1498283,50.35,90.5,13.17,78,80,6.29,1619273086
Tūkrah,LY,88834,32.5341,20.5791,68.52,69,56,14.72,1619273087
Lorengau,PG,2092164,-2.0226,147.2712,80.64,77,84,3.8,1619273088
Dukhovshchina,RU,564234,55.1919,32.4111,41.63,48,100,10.76,1619273088
Pundaguitan,PH,1698289,6.3711,126.1689,84.72,73,9,4.85,1619273089
Nucşoara,RO,672134,45.3333,24.7833,53.06,50,91,2.86,1619273090
Buchanan,LR,2278158,5.8808,-10.0467,91.4,66,75,11.5,1619273090
Hualmay,PE,3939761,-11.0964,-77.6139,67.98,82,21,7.31,1619273091
Bathurst,AU,2176632,-33.4166,149.5806,36.0,93,4,2.1,1619273092
Antofagasta,CL,3899539,-23.65,-70.4,70.0,77,20,1.14,1619272803
San Ignacio,BZ,3581194,17.1561,-89.0714,78.8,83,0,6.91,1619273093
Jati,PK,1176048,24.3539,68.2671,92.68,32,7,17.87,1619273094
Anloga,GH,2304548,5.7947,0.8973,89.6,70,40,13.8,1619273095
Celina,US,5149493,40.5489,-84.5702,53.01,76,100,1.99,1619273095
Buraidah,SA,107304,26.326,43.975,100.4,13,20,8.03,1619273096
Grindavik,IS,3416888,63.8424,-22.4338,46.4,87,90,25.32,1619273097
Rawson,AR,3839307,-43.3002,-65.1023,55.8,59,0,4.34,1619273097
Northview,US,5003952,43.0456,-85.6006,50.0,66,90,6.91,1619273098
Dunedin,NZ,2191562,-45.8742,170.5036,48.99,85,18,5.01,1619273099
Ambilobe,MG,1082243,-13.2,49.05,81.12,75,49,1.88,1619273100
Kindu,CD,212902,-2.95,25.95,82.26,62,93,3.62,1619273100
Mareeba,AU,2158767,-17.0,145.4333,73.99,100,75,11.5,1619273101
Marsá Maţrūḩ,EG,352733,31.3525,27.2453,75.2,29,0,14.97,1619273103
Lagos,NG,2332453,6.5833,3.75,91.4,62,75,16.11,1619272871
Beloha,MG,1067565,-25.1667,45.05,83.32,48,1,15.05,1619273104
Fairbanks,US,5861897,64.8378,-147.7164,32.0,69,1,10.36,1619273102
Diffa,NE,2445704,13.3154,12.6113,106.95,11,56,7.47,1619273106
Perivoli,GR,255498,39.4206,20.0147,66.2,55,75,11.5,1619273107
Wisconsin Rapids,US,5279436,44.3836,-89.8174,51.8,71,90,3.44,1619273108
Lahat,ID,1638775,-3.8,103.5333,75.27,90,97,3.22,1619273108
Sørland,NO,3137469,67.667,12.6934,37.4,56,40,13.8,1619273109
Berlevåg,NO,780687,70.8578,29.0864,35.06,70,100,13.56,1619273110
Chabahar,IR,1161724,25.2919,60.643,85.69,58,0,5.75,1619273111
Teknāf,BD,1185095,20.8624,92.3058,81.14,77,2,10.45,1619273111
Puerto Ayacucho,VE,3629710,5.6639,-67.6236,80.44,79,98,3.33,1619273112
Pemba,MZ,1028918,-12.974,40.5178,75.2,100,75,11.5,1619273113
Sivaki,RU,2016477,52.6333,126.75,37.36,60,33,14.45,1619273114
Townsville,AU,2146142,-19.25,146.8,73.4,88,90,10.36,1619273115
Jasper,US,4392354,37.2001,-94.3502,54.0,94,90,11.5,1619273115
Pedernales,DO,3495137,18.0384,-71.744,83.39,57,9,4.7,1619273116
Taitung City,TW,6949678,22.7583,121.1444,73.0,87,98,6.06,1619273117
Tadine,NC,2138285,-21.55,167.8833,75.47,81,100,10.31,1619273117
Mumford,GH,2297810,5.2618,-0.759,86.16,69,99,13.56,1619273118
Kieta,PG,2094027,-6.2167,155.6333,78.39,84,74,2.35,1619273119
Goundam,ML,2456917,16.4145,-3.6708,106.57,7,79,6.4,1619273120
Najrān,SA,103630,17.4924,44.1277,95.0,13,75,6.91,1619273120
Basco,PH,1726449,20.4487,121.9702,77.41,71,99,12.95,1619273121
Aden,YE,415189,12.7794,45.0367,83.52,78,34,13.06,1619272843
Saint Anthony,US,5044290,45.0205,-93.218,36.0,80,90,12.66,1619273122
Bilibino,RU,2126682,68.0546,166.4372,22.19,94,100,1.86,1619273123
Marivan,IR,97572,35.5219,46.176,75.38,16,1,8.68,1619273124
Būlaevo,KZ,1525014,54.9056,70.4439,48.9,30,100,10.74,1619273125
Dakar,SN,2253354,14.6937,-17.4441,75.2,73,0,16.11,1619272991
Abalak,RU,1512223,58.1286,68.5944,47.53,43,100,5.08,1619273126
Qaqortoq,GL,3420846,60.7167,-46.0333,59.0,26,20,19.57,1619273127
Mutoko,ZW,884927,-17.397,32.2268,73.4,44,91,3.83,1619273128
Kalmunai,LK,1242110,7.4167,81.8167,82.09,73,52,8.05,1619273128
Luleå,SE,604490,65.5842,22.1547,33.8,80,90,18.41,1619273129
Vostok,RU,2013279,46.4856,135.8833,31.6,59,99,5.44,1619273130
Abu Samrah,SY,172515,35.3029,37.1841,89.69,17,70,15.61,1619273131
Palpa,PE,3933345,-14.5336,-75.1856,75.16,58,0,5.7,1619273132
Jiuquan,CN,1279945,39.7432,98.5174,55.83,31,100,12.66,1619273132
Taksimo,RU,2015701,56.3444,114.8794,31.42,84,100,1.19,1619273133
Hailar,CN,2037078,49.2,119.7,45.09,23,58,4.09,1619273134
Alausí,EC,3660798,-2.2,-78.8333,54.5,78,92,1.7,1619273134
Pāsighāt,IN,1260206,28.0667,95.3333,76.77,43,71,5.77,1619273135
Port-Cartier,CA,6111696,50.0334,-66.8654,45.0,75,20,8.05,1619273136
Uíge,AO,2236568,-7.6087,15.0613,78.8,69,75,6.91,1619273137
Krishnanagar,IN,1265859,23.4,88.5,92.28,11,21,7.0,1619273137
Tsaratanana,MG,1055059,-16.7833,47.65,79.03,69,50,9.69,1619273138
San Rafael,AR,3836669,-34.6177,-68.3301,62.19,56,10,3.74,1619273139
Gorontalo,ID,1643837,0.5412,123.0595,75.34,92,59,2.3,1619273139
Den Helder,NL,2757220,52.9599,4.7593,50.0,62,90,12.66,1619273140
Uray,RU,1488429,60.1247,64.7758,45.93,80,100,0.43,1619273141
Ginir,ET,336454,7.1333,40.7,66.97,71,74,7.74,1619273142
Porto-Novo,BJ,2392087,6.4965,2.6036,89.6,70,40,14.97,1619273142
Vardø,NO,777019,70.3705,31.1107,33.8,80,75,20.71,1619273143
Yinchuan,CN,1786657,38.4681,106.2731,47.48,72,100,9.35,1619273144
Alta Floresta,BR,6316343,-9.8756,-56.0861,77.0,100,40,5.75,1619273145
Freeport,US,5117949,40.6576,-73.5832,62.6,29,1,8.05,1619272974
Mahon,ES,2514301,39.8885,4.2658,66.2,52,20,9.22,1619273146
Quelimane,MZ,1028434,-17.8786,36.8883,82.4,65,20,6.91,1619273147
Mattawa,US,5802636,46.7379,-119.9028,44.01,68,100,14.0,1619273148
Songling,CN,1898494,31.1933,120.7176,64.99,88,90,4.47,1619273148
Pine Bluff,US,4126226,34.2284,-92.0032,59.0,88,90,5.75,1619273149
Sawākin,SD,367544,19.1059,37.3321,87.55,51,28,7.14,1619273150
Kathmandu,NP,1283240,27.7167,85.3167,77.0,29,20,10.36,1619273033
Ulaangom,MN,1515029,49.9811,92.0667,38.12,38,95,2.73,1619273151
Tagusao,PH,1684245,9.1924,117.8141,79.83,81,86,4.41,1619273152
Sapouy,BF,2355869,11.5544,-1.7736,106.23,13,76,1.43,1619273153
Burgeo,CA,5911440,47.6167,-57.6152,36.68,95,100,15.7,1619273153
Gamba,GA,2400547,-2.65,10.0,80.47,79,100,9.4,1619273154
Saint-Paul,RE,935221,-21.0096,55.2707,78.8,73,75,20.71,1619273155
Kloulklubed,PW,7671223,7.0419,134.2556,82.4,83,75,6.91,1619273155
Mitsamiouli,KM,921786,-11.3847,43.2844,81.61,75,97,10.25,1619273156
Port Moresby,PG,2088122,-9.4431,147.1797,75.2,94,75,5.75,1619273157
Moncton,CA,6076211,46.1159,-64.8019,50.0,37,40,23.02,1619273158
São João da Barra,BR,3448903,-21.6403,-41.0511,82.4,57,0,1.86,1619273158
Sabha,LY,2212775,27.0377,14.4283,94.75,12,5,13.09,1619273159
Bydgoszcz,PL,3102014,53.1235,18.0076,53.01,29,0,14.97,1619273143
Twentynine Palms,US,5404198,34.1356,-116.0542,64.0,39,1,4.61,1619273160
Chornobay,UA,710716,49.6708,32.3239,46.26,41,99,17.16,1619273161
Meadow Lake,US,5478673,34.8014,-106.5436,51.01,45,1,8.86,1619273162
Şarkîkaraağaç,TR,301539,38.0794,31.3664,68.43,32,100,1.16,1619273163
Mauá,BR,3457381,-23.6678,-46.4614,73.99,77,75,2.3,1619272929
Key West,US,4160812,24.5557,-81.7826,82.0,78,20,14.97,1619273164
Paamiut,GL,3421193,61.994,-49.6678,36.75,76,12,3.74,1619273165
Tapes,BR,3446880,-30.6733,-51.3958,74.73,56,24,4.5,1619273166
Honiara,SB,2108502,-9.4333,159.95,78.13,82,50,3.31,1619273166
De Aar,ZA,1011632,-30.6497,24.0123,78.46,12,2,14.99,1619273167
Chimoio,MZ,1049261,-19.1164,33.4833,78.8,57,40,12.66,1619273168
Monteiro,BR,3394549,-7.8894,-37.12,86.16,41,11,7.2,1619273168
Wembley,AU,2058682,-31.9333,115.8,66.0,88,0,5.28,1619273169
Gijang,KR,1842966,35.2442,129.2139,59.0,58,20,6.91,1619273170
Ati,TD,2436400,13.2154,18.3353,106.57,9,100,2.06,1619273171
Tambun,ID,1649378,-6.2641,107.0712,86.0,65,20,3.44,1619273171
Greater Sudbury,CA,5964700,46.49,-80.99,54.0,49,20,5.75,1619273148
Jiehu,CN,1805884,35.5428,118.455,53.76,82,100,12.57,1619273173
Yandyki,RU,469151,45.7691,47.1258,68.49,34,67,12.24,1619273173
Chapleau,CA,5919915,47.8405,-83.4034,35.6,87,90,2.3,1619273174
Xichang,CN,1789647,27.8964,102.2634,69.22,26,0,4.29,1619273175
Sumbe,AO,3346015,-11.2061,13.8437,84.27,75,51,10.27,1619273176
Mayor Pablo Lagerenza,PY,3867427,-19.9309,-60.7718,84.4,57,95,11.65,1619273177
Kerchevskiy,RU,551047,59.946,56.2884,42.53,91,100,8.37,1619273177
Bud,US,4255151,39.447,-86.1758,51.01,81,100,5.28,1619273178
Yar-Sale,RU,1486321,66.8333,70.8333,33.4,91,99,6.22,1619273179
Linkou,CN,2036066,45.3,130.2833,39.06,42,0,4.18,1619273180
Udachny,RU,2014624,66.4167,112.4,30.63,89,96,8.19,1619273180
Mayo,US,4362001,38.8876,-76.5119,61.0,44,1,1.5,1619273181
Kabinda,CD,215527,-6.1333,24.4833,78.04,70,93,2.77,1619273182
Mosquera,CO,3674292,4.7059,-74.2302,62.6,59,20,6.91,1619273183
Krynychky,UA,704079,48.3755,34.467,48.0,76,40,15.66,1619273184
Zheleznodorozhnyy,RU,463355,55.7503,38.0042,42.01,87,75,15.66,1619273184
Saint-François,FR,2980080,46.4154,3.9054,75.2,29,0,3.44,1619273185
Korla,CN,1529376,41.7597,86.1469,55.65,34,28,7.4,1619273186
Salta,AR,3838233,-24.7859,-65.4117,62.6,82,40,4.61,1619273187
Kautokeino,NO,779330,69.0125,23.0412,27.63,80,100,20.0,1619273188
Kayes,ML,2455517,14.0,-11.0,106.66,7,51,8.79,1619272929
Castelo do Piauí,BR,3402548,-5.3222,-41.5525,88.54,51,99,6.08,1619273189
Nānākuli,US,5851349,21.3906,-158.1547,73.4,68,1,5.75,1619273190
Kungurtug,RU,1501377,50.5994,97.5228,26.04,92,99,1.41,1619273190
Mahibadhoo,MV,1337605,3.7833,72.9667,84.07,72,83,9.44,1619273191
Bima,ID,1648759,-8.4667,118.7167,74.86,92,67,3.22,1619273192
Makokou,GA,2399371,0.5738,12.8642,79.12,69,100,4.09,1619273193
Puerto Madryn,AR,3840092,-42.7692,-65.0385,55.94,58,0,8.93,1619273193
Chapais,CA,5919850,49.7834,-74.8492,37.4,44,1,11.5,1619272965
Mēga,ET,331259,4.05,38.3,69.28,63,97,10.85,1619273195
Laksar,IN,1265208,29.7667,78.05,82.53,18,0,7.54,1619273196
Rio Grande,BR,3451138,-32.035,-52.0986,73.4,68,20,6.91,1619273197
Bahía Blanca,AR,3865086,-38.7196,-62.2724,61.18,46,78,12.06,1619273197
Iglesias,IT,2524533,39.3114,8.535,73.4,52,20,12.66,1619273198
Manokwari,ID,1636308,-0.8667,134.0833,79.38,80,100,4.65,1619273199
Kralendijk,BQ,3513563,12.15,-68.2667,86.0,62,20,24.16,1619273199
Newport,GB,2641598,51.5877,-2.9984,62.6,39,7,17.27,1619273143
Zhuanghe,CN,1784055,39.7008,122.9911,57.0,61,0,9.93,1619273201
Nantucket,US,4944903,41.2835,-70.0995,55.4,50,1,16.11,1619272941
Dekar,BW,933815,-21.5333,21.9333,80.55,14,0,5.14,1619273202
Lakes Entrance,AU,2160735,-37.8811,147.981,53.01,85,71,10.65,1619273203
Kenai,US,5866063,60.5544,-151.2583,30.0,86,1,2.46,1619273032
Sioux Lookout,CA,6148373,50.1001,-91.917,23.0,93,75,3.44,1619273204
Keti Bandar,PK,1174451,24.1447,67.4497,84.9,63,0,15.59,1619273205
Edd,ER,338345,13.9297,41.6925,92.98,48,19,21.68,1619273205
Te Anau,NZ,2181625,-45.4167,167.7167,44.74,87,80,6.69,1619273206
Makkah al Mukarramah,SA,104515,21.4267,39.8261,95.83,23,2,15.39,1619273198
Yabrūd,SY,162627,33.9674,36.6574,91.4,10,40,5.75,1619273207
Aswān,EG,359792,24.0934,32.907,102.6,7,0,6.85,1619273209
Arman',RU,2127060,59.7,150.1667,15.15,75,43,13.2,1619273209
Klyuchi,RU,1503153,52.2667,79.1667,44.47,38,7,4.83,1619273211
Nuevo Casas Grandes,MX,3994616,30.4167,-107.9167,56.17,21,0,4.61,1619273211
Igarka,RU,1505991,67.4667,86.5833,32.9,98,100,8.81,1619273212
Jiazi,CN,1805935,22.8779,116.067,71.78,86,1,6.85,1619273213
Balabac,PH,1728675,7.9868,117.0645,80.28,82,89,7.31,1619273214
Shubarkuduk,KZ,608271,49.1447,56.4872,52.56,64,88,18.28,1619273215
Dvinskoy,RU,563990,62.1535,45.1175,56.82,53,49,10.87,1619273215
Endicott,US,5116602,42.0984,-76.0494,57.0,40,1,8.05,1619273147
Kiryat Gat,IL,293842,31.61,34.7642,75.0,43,0,1.99,1619273217
Coahuayana Viejo,MX,4013679,18.7333,-103.6833,75.2,43,1,1.63,1619273217
Maun,BW,933366,-19.9833,23.4167,86.0,21,20,3.44,1619273218
Sturgeon Falls,CA,5952554,46.3646,-79.9326,50.0,57,1,5.75,1619273219
Steinbach am Taunus,DE,2828737,50.1667,8.5667,60.8,39,0,9.22,1619273220
Stornoway,GB,2636790,58.2093,-6.3865,53.6,62,23,12.66,1619273221
Aksu,CN,1529660,41.1231,80.2644,61.79,23,87,6.22,1619273221
Yuli,NG,2317982,9.6989,10.2744,102.56,24,85,10.36,1619273222
Green River,US,5826559,41.5286,-109.4662,39.2,38,1,5.37,1619273223
Mizdah,LY,2214827,31.4451,12.9801,75.25,28,0,13.6,1619273224
Huánuco,PE,3696417,-9.9329,-76.2415,68.31,75,58,3.49,1619273224
Lensk,RU,2020838,60.7253,114.9278,33.84,95,100,4.7,1619273225
Ekibastuz,KZ,1524325,51.6667,75.3667,47.64,30,87,7.4,1619273226
Kapoeta,SS,372884,4.7717,33.5903,92.75,30,98,13.09,1619273226
Liverpool,GB,2644210,53.4106,-2.9779,66.2,34,0,6.91,1619272949
Ribeira Brava,PT,2263905,32.65,-17.0667,66.2,59,40,9.22,1619273228
Doha,QA,290030,25.2867,51.5333,91.4,51,0,13.8,1619272937
Morgan City,US,4333811,29.6994,-91.2068,75.99,94,90,11.5,1619273229
Cooma,AU,2170577,-36.2333,149.1333,32.0,93,14,4.61,1619273230
Chumikan,RU,2025256,54.7183,135.315,25.79,73,99,8.01,1619273231
Charleston,US,4574324,32.7766,-79.9309,68.0,83,90,9.22,1619272628
Gornopravdinsk,RU,1506268,60.05,69.9,44.37,84,100,2.53,1619273233
Svay Rieng,KH,1821993,11.0879,105.7993,84.83,65,100,11.95,1619273234
Wunsiedel,DE,2805762,50.0333,12.0167,55.99,49,100,4.0,1619273235
Sisophon,KH,1822207,13.5859,102.9737,80.58,73,100,8.14,1619273236
Foso,GH,2300883,5.7012,-1.2866,96.67,40,100,4.05,1619273237
Marand,IR,124862,38.4329,45.7749,77.0,13,75,9.22,1619273107
Skjervøy,NO,777682,70.0311,20.9714,34.3,61,100,17.11,1619273238
Itaituba,BR,3397967,-4.2761,-55.9836,86.0,79,40,1.72,1619273239
Zaritap,AM,409315,39.6363,45.5096,80.6,29,40,6.91,1619273239
Faro,PT,2268339,37.0194,-7.9322,68.0,83,40,18.41,1619273150
Sangar,RU,2017215,63.9242,127.4739,10.92,96,70,3.71,1619273240
Normandin,CA,6089179,48.8333,-72.5321,46.4,42,14,14.97,1619273241
Goma,CD,216281,-1.6792,29.2228,78.8,53,40,9.22,1619273242
Ilhabela,BR,3461425,-23.7781,-45.3581,76.87,67,45,4.65,1619273243
Honningsvåg,NO,779554,70.9821,25.9704,32.45,83,100,27.22,1619273243
Vao,NC,2137773,-22.6667,167.4833,76.19,67,100,9.33,1619273244
Sahuaripa,MX,3988265,29.05,-109.2333,63.3,21,9,3.89,1619273245
Kariba,ZW,889215,-16.5167,28.8,83.03,42,3,3.74,1619273245
Williams Lake,CA,6182212,52.1415,-122.1445,26.6,59,1,5.75,1619273246
Novosheshminsk,RU,517958,55.0651,51.2338,45.36,90,100,5.46,1619273247
Massaguet,TD,2428231,12.4755,15.4365,109.4,14,0,6.91,1619273248
Huoqiu,CN,1806651,32.3394,116.2694,58.12,80,100,11.74,1619273248
Ixtapa,MX,4004293,20.7,-105.2,73.99,78,75,4.61,1619273249
Juneau,US,5554072,58.3019,-134.4197,41.0,80,1,4.61,1619273250
Lake Charles,US,4330236,30.2131,-93.2044,75.2,88,90,13.8,1619272970
Lake City,US,4161187,30.1897,-82.6393,73.99,78,40,8.05,1619273209
Nyurba,RU,2018735,63.2842,118.3319,30.49,93,29,7.45,1619273252
Ganzhou,CN,1810637,28.8184,115.4327,62.58,96,100,8.84,1619273133
Qiyang,CN,1797417,26.5911,111.8474,61.03,84,100,6.31,1619273253
Lewisporte,CA,6053446,49.2499,-55.0482,41.0,81,90,12.66,1619273254
Panama City,PA,3703443,8.9936,-79.5197,84.0,78,52,5.75,1619273255
Camopi,GF,3382226,3.1655,-52.3158,79.7,91,98,2.91,1619273256
Biloela,AU,2175819,-24.4167,150.5,60.31,69,0,3.04,1619273256
Chara,RU,2025630,56.9064,118.2631,24.28,74,72,2.91,1619273257
Kribi,CM,2229761,2.95,9.9167,79.7,75,100,5.3,1619273258
Ushumun,RU,2014038,52.7833,126.5333,36.99,60,29,13.35,1619273258
Hoa Binh,VN,1580830,20.8133,105.3383,82.4,89,75,11.5,1619273259
Zaragoza,ES,3104324,41.6561,-0.8773,75.0,42,0,16.11,1619273260
Jizan,SA,105298,17.3333,42.6667,93.2,52,20,13.8,1619273261
Naberera,TZ,152042,-4.2,36.9333,72.27,65,100,6.58,1619273261
Venado Tuerto,AR,3833062,-33.7456,-61.9688,70.0,99,0,15.01,1619273262
Turbat,PK,1163054,26.0023,63.044,91.71,34,0,17.96,1619272982
Oktyabr'skiy,RU,515879,54.4815,53.471,44.24,89,100,5.7,1619273263
Heraclea,TR,315498,37.5133,34.0467,72.66,23,82,2.86,1619273264
Vila Velha,BR,3445026,-20.3297,-40.2925,82.0,69,40,9.22,1619273090
City of San Pedro,PH,1688781,14.35,121.0167,84.0,78,20,2.3,1619273266
Yangambi,CD,203717,0.8102,24.4336,76.19,83,100,1.86,1619273268
Hoeilaart,BE,2795700,50.7667,4.4667,62.01,44,0,10.36,1619273040
Cáchira,CO,3688106,7.741,-73.0483,82.4,69,40,5.75,1619273269
Araripina,BR,3407243,-7.5761,-40.4983,84.27,53,57,6.58,1619273270
Birjand,IR,140463,32.8663,59.2211,84.2,8,0,11.5,1619273271
Almaznyy,RU,582447,48.0448,40.045,59.0,33,20,17.9,1619273271
Havre-St-Pierre,CA,5972291,50.2334,-63.5986,39.2,70,1,11.5,1619273272
Priargunsk,RU,2017646,50.3691,119.1012,45.91,24,68,4.97,1619273273
Bo Phloi,TH,1153850,14.3236,99.5161,87.01,67,88,4.03,1619273273
Bubaque,GW,2374583,11.2833,-15.8333,79.57,59,4,11.9,1619273274
Mandalgovi,MN,2030065,45.7625,106.2708,49.24,83,100,8.39,1619273275
Lukovetskiy,RU,533418,64.2956,41.9211,51.8,76,75,8.95,1619273276
Simpang,ID,1627035,-1.2667,104.0833,75.78,91,100,2.75,1619273277
Krasnovishersk,RU,542184,60.4078,57.082,43.54,89,100,6.96,1619273277
Santa Isabel Xiloxoxtla,MX,3516763,19.2667,-98.2,57.2,47,1,6.91,1619273278
Kerema,PG,2094144,-7.9631,145.7785,79.54,84,99,2.19,1619273279
Ballaghaderreen,IE,2966784,53.9,-8.5833,64.4,27,0,8.05,1619273279
Dawson Creek,CA,5935804,55.7666,-120.2362,26.6,74,75,6.91,1619273280
San Jose,US,5392171,37.3394,-121.895,51.8,71,75,3.44,1619273012
Oddur,SO,49747,4.1213,43.8894,87.06,45,73,7.11,1619273281
Kaputa,ZM,176758,-8.4689,29.6619,78.75,61,41,2.28,1619273282
Nguruka,TZ,151567,-5.1092,31.0419,74.88,73,96,4.29,1619273283
Kaspiysk,RU,551847,42.8816,47.6392,57.2,72,12,8.95,1619273284
Volksrust,ZA,943032,-27.3654,29.8818,66.63,22,22,6.24,1619273284
Liwale,TZ,155921,-9.7667,37.9333,72.09,94,95,5.37,1619273285
Aksarka,RU,1512019,66.5606,67.7975,34.16,94,77,1.68,1619273286
Shahrud,IR,135423,36.4182,54.9763,72.46,36,100,7.92,1619273286
Langsa,ID,1214724,4.4683,97.9683,74.84,97,100,3.4,1619273287
Kismayo,SO,55671,-0.3582,42.5454,84.2,68,99,14.23,1619273288
Pierre,US,5767918,44.3683,-100.351,33.01,93,90,5.39,1619273289
Linguère,SN,2249281,15.3953,-15.1193,102.27,10,7,9.51,1619273289
Alanya,TR,324190,36.5438,31.9998,78.8,27,75,6.91,1619273197
Petatlán,MX,3992842,17.5167,-101.2667,69.8,64,20,1.48,1619273291
Hamilton,US,4513583,39.1834,-84.5333,53.01,62,90,8.05,1619273291
Sydney,AU,2147714,-33.8679,151.2073,60.8,59,0,12.66,1619273168
Mayumba,GA,2399001,-3.432,10.6554,81.45,78,80,2.04,1619273293
Lufilufi,WS,4035249,-13.8745,-171.5986,75.2,94,20,3.44,1619273294
Saquena,PE,3692020,-4.6667,-73.5167,82.26,69,96,1.12,1619273294
Capesterre-Belle-Eau,GP,3579585,16.0432,-61.566,84.2,58,40,11.5,1619273295
Cam Ranh,VN,1586350,11.9214,109.1591,84.2,70,20,3.44,1619273296
Ano Mera,GR,264878,37.45,25.4,60.01,72,40,20.71,1619273297
North Myrtle Beach,US,4589446,33.816,-78.68,64.99,77,90,6.91,1619273131
Ølgod,DK,2615749,55.8068,8.6286,48.2,53,20,18.41,1619273298
Bayan,CN,2038421,46.0833,127.4,44.67,28,0,6.17,1619273299
Rumphi,MW,924102,-11.0186,33.8575,74.57,71,61,6.67,1619273299
Dunda,TZ,160141,-8.1167,34.25,77.45,61,71,3.36,1619273300
